{
  "changedFilesIos": [
    "scripts\\main.js",
    "scripts\\storage\\memory-store.js",
    "scripts\\storage\\ls-store.js",
    "scripts\\storage\\websql-store.js",
    "index.html",
    "scripts\\lib\\iscroll.js",
    "scripts\\lib\\jquery-1.8.2.min.js",
    "scripts\\lib\\handlebars.js",
    "css\\styles.css",
    "css\\source-sans-pro.js",
    "config.xml",
    "images\\Pamela_Beesly.jpg",
    "images\\Jim_Halpert.jpg",
    "images\\Andy_Bernard.jpg",
    "images\\Dwight_Schrute.jpg",
    "images\\Oscar_Martinez.jpg",
    "images\\Phyllis_Lapin.jpg",
    "images\\Angela_Martin.jpg",
    "images\\Meredith_Palmer.jpg",
    "images\\Kelly_Kapoor.jpg",
    "images\\Ryan_Howard.jpg",
    "images\\Stanley_Hudson.jpg",
    "images\\Creed_Bratton.jpg",
    "images\\Kevin_Malone.jpg",
    "images\\Toby_Flenderson.jpg",
    "images\\Michael_Scott.jpg"
  ],
  "deletedFilesIos": [
    "scripts\\storages\\memory-store.js",
    "scripts\\storages\\ls-store.js",
    "scripts\\storages\\websql-store.js",
    "scripts\\index.js"
  ],
  "addedPluginsIos": [],
  "deletedPluginsIos": [],
  "changedFiles": [
    "scripts\\lib\\jquery-1.8.2.min.js"
  ],
  "deletedFiles": [],
  "addedPlugins": [],
  "deletedPlugins": []
}